INSERT INTO S VALUES('201215121', '李莉', '男', 20, 'CS');
INSERT INTO S VALUES('201215122', '刘星', '女', 19, 'CS');
INSERT INTO S VALUES('201215123', '王浩然', '女', 18, 'MA');
INSERT INTO S VALUES('201215125', '张立', '男', 19, 'IS');
INSERT INTO S VALUES('201215124',' 王强','男',' 22 ','CS');
INSERT INTO S VALUES('201215120 ','李爽','男',' 20',' CS');
INSERT INTO C VALUES('1', '数据库', 4);
INSERT INTO C VALUES('2', '数学', 2);
INSERT INTO C VALUES('3', '信息系统', 4);
INSERT INTO C VALUES('4', '操作系统', 3);
INSERT INTO C VALUES('5', '数据结构', 4);
INSERT INTO C VALUES('6', '数据处理', 2);
INSERT INTO C VALUES('7', 'C语言', 4);
INSERT INTO SC VALUES('201215122', '3', 80);
INSERT INTO SC VALUES('201215122', '2', 90);
INSERT INTO SC VALUES('201215121', '3', 88);
INSERT INTO SC VALUES('201215121', '1', 91);
INSERT INTO SC VALUES('201215121', '2', 85);
INSERT INTO SC VALUES('201215121', '5', 94);
INSERT INTO SC VALUES('201215123', '3', 88);
INSERT INTO SC VALUES('201215123', '1', 92);
INSERT INTO SC VALUES('201215123', '7', 100);
INSERT INTO SC VALUES('201215125', '1', 92);
INSERT INTO SC VALUES('201215125', '6', 77);
INSERT INTO SC VALUES('201215125', '2', 79);
INSERT INTO SC VALUES('201215125', '4', 72);
INSERT INTO SC VALUES('201215125', '3', 99);
INSERT INTO SC VALUES('201215125', '5', 58);
INSERT INTO SC VALUES('201215125', '7', 81);
INSERT INTO SC VALUES('201215124', '1', 55);
INSERT INTO SC VALUES('201215124', '3', 81);
INSERT INTO SC VALUES('201215124', '6', 89);
INSERT INTO SC VALUES('201215124', '2', 75);
INSERT INTO SC VALUES('201215124', '4', 81);
INSERT INTO SC VALUES('201215123', '4', 89);
INSERT INTO SC VALUES('201215120', '1', 88);